{
    "openapi": "3.1.0",
    "info": {
        "title": "My API",
        "version": "1.0.0",
        "description": "API documentation for my project"
    },
    "servers": [{
        "url": "http://localhost:3000",
        "description": "Development server"
    }],
    "components": {
        "schemas": {
            "Identifiant": {
                "type": "string",
                "example": "6703a29a34d7f32fe3e4967f"
            },
            "User": {
                "type": "object",
                "properties": {
                    "_id": {
                        "$ref": "#/components/schemas/Identifiant"
                    },
                    "username": {
                        "type": "string"
                    },
                    "email": {
                        "type": "string"
                    }
                }
            },
            "Post": {
                "type": "object",
                "properties": {
                    "title": {
                        "type": "string"
                    },
                    "content": {
                        "type": "string"
                    },
                    "author": {
                        "$ref": "#/components/schemas/Identifiant"
                    },
                    "tags": {
                        "type": "array",
                        "items": {
                            "type": "string",
                            "example": "Gaming"
                        },
                        "uniqueItems": true,
                        "minItems:": 1
                    },
                    "created_at": {
                        "type": "date-time"
                    },
                    "updated_at": {
                        "type": "date-time"
                    }
                }
            },
            "Comment": {
                "type": "object",
                "properties": {
                    "text": {
                        "type": "string"
                    },
                    "author": {
                        "$ref": "#/components/schemas/Identifiant"
                    },
                    "postId": {
                        "$ref": "#/components/schemas/Identifiant"
                    }
                }
            }
        }
    },
    "paths": {
        "/users/register": {
            "post": {
                "summary": "Register new User",
                "description": "Register new User",
                "requestBody": {
                    "required": true,
                    "content": {
                        "application/json": {
                            "schema": {
                                "type": "object",
                                "properties": {
                                    "username": {
                                        "type": "string",
                                        "example": "Example"
                                    },
                                    "email": {
                                        "type": "string",
                                        "example": "example@exmaple.com"
                                    },
                                    "passsword": {
                                        "type": "string",
                                        "example": "1234"
                                    }
                                }
                            }
                        }
                    }
                },
                "responses": {
                    "200": {
                        "description": "A User",
                        "content": {
                            "application/json": {
                                "schema": {
                                    "$ref": "#/components/schemas/User"
                                }
                            }
                        }
                    }
                }
            }
        },
        "/users/login": {
            "post": {
                "summary": "Login",
                "description": "Login",
                "requestBody": {
                    "required": true,
                    "content": {
                        "application/json": {
                            "schema": {
                                "type": "object",
                                "properties": {
                                    "email": {
                                        "type": "string",
                                        "example": "example@exmaple.com"
                                    },
                                    "passsword": {
                                        "type": "string",
                                        "example": "1234"
                                    }
                                }
                            }
                        }
                    }
                },
                "responses": {
                    "200": {
                        "description": "A JWT Token",
                        "content": {
                            "application/json": {
                                "schema": {
                                    "type": "object",
                                    "properties": {
                                        "accessToken": {
                                            "type": "string",
                                            "example": "eyJhbGciOiJIUzI1NiJ9.NjcwM2E5YjMxYzhjMmJmMjBmZmIyNjNl.sVU37ysOGrAaJO5uznmjX_vfrWQ7kz8I9QPBCSQ6Axo"
                                        }
                                    }
                                }
                            }
                        }
                    }
                }
            }
        },
        "/users/{id}": {
            "get": {
                "summary": "Get User",
                "description": "Get User",
                "parameters": [
                    {
                        "name": "id",
                        "in": "path",
                        "required": true,
                        "description": "UserID",
                        "schema:": {
                            "$ref": "#/components/schemas/Identifiant"
                        }
                    }
                ],
                "responses": {
                    "200": {
                        "description": "Ok",
                        "content": {
                            "application/json": {
                                "schema": {
                                    "$ref": "#/components/schemas/User"
                                }
                            }
                        }
                    }
                }
            }, 
            "put": {
                "summary": "Update User",
                "description": "Update User",
                "parameters": [
                    {
                        "name": "id",
                        "in": "path",
                        "required": true,
                        "description": "UserID",
                        "schema:": {
                            "$ref": "#/components/schemas/Identifiant"
                        }
                    }
                ],
                "requestBody": {
                    "required": true,
                    "content": {
                        "application/json": {
                            "schema": {
                                "type": "object",
                                "properties": {
                                    "username": {
                                        "type": "string",
                                        "example": "Example"
                                    },
                                    "email": {
                                        "type": "string",
                                        "example": "example@exmaple.com"
                                    },
                                    "passsword": {
                                        "type": "string",
                                        "example": "1234"
                                    }
                                }
                            }
                        }
                    }
                },
                "responses": {
                    "200": {
                        "description": "Ok",
                        "content": {
                            "application/json": {
                                "schema": {
                                    "$ref": "#/components/schemas/User"
                                }
                            }
                        }
                    }
                }
            },
            "delete": {
                "summary": "Delete User",
                "description": "Delete User",
                "parameters": [
                    {
                        "name": "id",
                        "in": "path",
                        "required": true,
                        "description": "UserID",
                        "schema:": {
                            "$ref": "#/components/schemas/Identifiant"
                        }
                    }
                ],
                
                "responses": {
                    "200": {
                        "description": "Ok"
                    }
                }
            }
        },
        "/posts": {
            "get": {
                "summary": "Get Posts",
                "description": "Get Posts",
                
                "responses": {
                    "200": {
                        "description": "Ok",
                        "content": {
                            "application/json": {
                                "schema": {
                                    "type": "array",
                                    "items": {
                                        "$ref": "#/components/schemas/Post"
                                    }
                                }
                            }
                        }
                    }
                }
            },
            "post": {
                "summary": "Create Post",
                "description": "Create Post",
                "requestBody": {
                    "required": true,
                    "content": {
                        "application/json": {
                            "schema": {
                                "title": {
                                    "type": "string"
                                },
                                "content": {
                                    "type": "string"
                                },
                                "author": {
                                    "$ref": "#/components/schemas/Identifiant"
                                },
                                "tags": {
                                    "type": "array",
                                    "items": {
                                        "type": "string",
                                        "example": "Gaming"
                                    },
                                    "uniqueItems": true,
                                    "minItems:": 1
                                }
                            }
                        }
                    }
                },
                "responses": {
                    "200": {
                        "description": "Ok",
                        "content": {
                            "application/json": {
                                "schema": {
                                    "$ref": "#/components/schemas/Post"
                                }
                            }
                        }
                    }
                }
            }
        },
        "/posts/{id}": {
            "get": {
                "summary": "Get Post",
                "description": "Get Post",
                "parameters": [
                    {
                        "name": "id",
                        "in": "path",
                        "required": true,
                        "description": "PostID",
                        "schema:": {
                            "$ref": "#/components/schemas/Post"
                        }
                    }
                ],
                "responses": {
                    "200": {
                        "description": "Ok",
                        "content": {
                            "application/json": {
                                "schema": {
                                    "$ref": "#/components/schemas/Post"
                                }
                            }
                        }
                    }
                }
            }, 
            "put": {
                "summary": "Update Post",
                "description": "Update Post",
                "parameters": [
                    {
                        "name": "id",
                        "in": "path",
                        "required": true,
                        "description": "PostID",
                        "schema:": {
                            "$ref": "#/components/schemas/Identifiant"
                        }
                    }
                ],
                "requestBody": {
                    "required": true,
                    "content": {
                        "application/json": {
                            "schema": {
                                "type": "object",
                                "properties": {
                                    "title": {
                                        "type": "string"
                                    },
                                    "content": {
                                        "type": "string"
                                    },
                                    "author": {
                                        "$ref": "#/components/schemas/Identifiant"
                                    },
                                    "tags": {
                                        "type": "array",
                                        "items": {
                                            "type": "string",
                                            "example": "Gaming"
                                        },
                                        "uniqueItems": true,
                                        "minItems:": 1
                                    }
                                }
                            }
                        }
                    }
                },
                "responses": {
                    "200": {
                        "description": "Ok",
                        "content": {
                            "application/json": {
                                "schema": {
                                    "$ref": "#/components/schemas/Post"
                                }
                            }
                        }
                    }
                }
            },
            "delete": {
                "summary": "Delete Post",
                "description": "Delete Post",
                "parameters": [
                    {
                        "name": "id",
                        "in": "path",
                        "required": true,
                        "description": "PostID",
                        "schema:": {
                            "$ref": "#/components/schemas/Identifiant"
                        }
                    }
                ],
                "responses": {
                    "200": {
                        "description": "Ok"
                    }
                }
            }
        
        },
        "/posts/{id}/comments": {
            "post": {
                "summary": "Create Comment",
                "description": "Create Comment",
                "parameters": [
                    {
                        "name": "id",
                        "in": "path",
                        "required": true,
                        "description": "UserID",
                        "schema:": {
                            "$ref": "#/components/schemas/Identifiant"
                        }
                    }
                ],
                "requestBody": {
                    "required": true,
                    "content": {
                        "application/json": {
                            "schema": {
                                "text": {
                                    "type": "string"
                                },
                                "author": {
                                    "$ref": "#/components/schemas/Identifiant"
                                },
                                "postId": {
                                    "$ref": "#/components/schemas/Identifiant"
                                }
                            }
                        }
                    }
                },
                "responses": {
                    "200": {
                        "description": "Ok",
                        "content": {
                            "application/json": {
                                "schema": {
                                    "$ref": "#/components/schemas/Comment"
                                }
                            }
                        }
                    }
                }
            }
        },
        "/comments/{id}": {
            "put": {
                "summary": "Update Comment",
                "description": "Update Comment",
                "parameters": [
                    {
                        "name": "id",
                        "in": "path",
                        "required": true,
                        "description": "UserID",
                        "schema:": {
                            "$ref": "#/components/schemas/Identifiant"
                        }
                    }
                ],
                "requestBody": {
                    "required": true,
                    "content": {
                        "application/json": {
                            "schema": {
                                "text": {
                                    "type": "string"
                                },
                                "author": {
                                    "$ref": "#/components/schemas/Identifiant"
                                },
                                "postId": {
                                    "$ref": "#/components/schemas/Identifiant"
                                }
                            }
                        }
                    }
                },
                "responses": {
                    "200": {
                        "description": "Ok",
                        "content": {
                            "application/json": {
                                "schema": {
                                    "$ref": "#/components/schemas/Comment"
                                }
                            }
                        }
                    }
                }
            },
            "delete": {
                "summary": "Delete Comment",
                "description": "Delete Comment",
                "responses": {
                    "200": {
                        "description": "Ok"
                    }
                }
            }
        }
    }
}